Workbook

Sheet Instrucciones
A1: Ejercicio 1 — Retención ISR mensual de sueldos
A2: Art. 96 LISR · Tarifa mensual 2026 (Anexo 8 RMF)
A4: OBJETIVO
A5: Construir una calculadora de retención mensual de ISR en Excel aplicando la tarifa progresiva del Art. 96 LISR.
A7: PASOS
A8: 1. Ve a la hoja 'Datos' y revisa la tarifa mensual 2026. Cada renglón tiene: límite inferior, límite superior, cuota fija y % sobre excedente.
A9: 2. Ve a la hoja 'Ejercicio'. Verás 5 casos con diferentes sueldos en la columna B (celdas amarillas = input).
A10: 3. Para cada caso, llena las columnas C a I aplicando la fórmula:
A11: ISR = (Sueldo − Límite inferior) × Tasa + Cuota fija
A12: 4. Usa BUSCARV con aproximación (último argumento VERDADERO) sobre el rango de la tarifa para encontrar automáticamente el LI, la cuota fija y la tasa.
A13: Tip: la tabla de BUSCARV debe tener el límite inferior en la primera columna.
A14: 5. Calcula la carga efectiva (columna I) como ISR ÷ Sueldo.
... A29: ¿Por qué un trabajador con $25,000 mensuales paga efectivo ~14% y uno con $200,000 paga ~27%? Identifica el principio constitucional en acción.

Sheet Datos
A1: Tarifa mensual ISR 2026
A2: Anexo 8 RMF 2026 · DOF 28-dic-2025
A4: # | B4: Límite inferior | C4: Límite superior | D4: Cuota fija | E4: % excedente
A5: 1 | B5: 0.01 | C5: 844.59 | D5: 0 | E5: 0.0192
A6: 2 | B6: 844.6 | C6: 7165.92 | D6: 16.22 | E6: 0.064
A7: 3 | B7: 7165.93 | C7: 12593.36 | D7: 420.79 | E7: 0.1088
A8: 4 | B8: 12593.37 | C8: 14632.96 | D8: 1011.05 | E8: 0.16
A9: 5 | B9: 14632.97 | C9: 17523.45 | D9: 1337.38 | E9: 0.1792
A10: 6 | B10: 17523.46 | C10: 35299.65 | D10: 1852.05 | E10: 0.2136
A11: 7 | B11: 35299.66 | C11: 55640.58 | D11: 5651.62 | E11: 0.2352
A12: 8 | B12: 55640.59 | C12: 106410.49 | D12: 10434.61 | E12: 0.3
A13: 9 | B13: 106410.5 | C13: 141880.67 | D13: 25666.64 | E13: 0.32
A14: 10 | B14: 141880.68 | C14: 425643.66 | D14: 37344.33 | E14: 0.34
A15: 11 | B15: 425643.67 | C15: 1e+09 | D15: 133897.59 | E15: 0.35
A17: Factor de actualización 2026: 1.13213

Sheet Ejercicio
A1: Cálculo de retención mensual — 5 casos
A2: Llena las celdas blancas usando las fórmulas indicadas en Instrucciones.
A4: Caso | B4: Sueldo (input) | C4: LI aplicable | D4: Excedente | E4: Tasa | F4: Imp. marginal | G4: Cuota fija | H4: ISR | I4: Carga efectiva
A5: A — Operativo | B5: 8000
A6: B — Analista | B6: 15000
A7: C — Coordinador | B7: 25000
A8: D — Gerente | B8: 50000
A9: E — Directivo | B9: 200000
A12: Celdas amarillas = input. Celdas blancas = a calcular.

Sheet Solución
A1: Solución — referencia con fórmulas
A2: Fórmulas con BUSCARV sobre la hoja Datos.
A4: Caso | B4: Sueldo (input) | C4: LI aplicable | D4: Excedente | E4: Tasa | F4: Imp. marginal | G4: Cuota fija | H4: ISR | I4: Carga efectiva
A5: A — Operativo | B5: 8000 | C5: =VLOOKUP(B5,Datos!$B$5:$E$15,1,TRUE) | D5: =B5-C5 | E5: =VLOOKUP(B5,Datos!$B$5:$E$15,4,TRUE) | F5: =D5*E5 | G5: =VLOOKUP(B5,Datos!$B$5:$E$15,3,TRUE) | H5: =F5+G5 | I5: =H5/B5
A6: B — Analista | B6: 15000 | C6: =VLOOKUP(B6,Datos!$B$5:$E$15,1,TRUE) | D6: =B6-C6 | E6: =VLOOKUP(B6,Datos!$B$5:$E$15,4,TRUE) | F6: =D6*E6 | G6: =VLOOKUP(B6,Datos!$B$5:$E$15,3,TRUE) | H6: =F6+G6 | I6: =H6/B6
A7: C — Coordinador | B7: 25000 | C7: =VLOOKUP(B7,Datos!$B$5:$E$15,1,TRUE) | D7: =B7-C7 | E7: =VLOOKUP(B7,Datos!$B$5:$E$15,4,TRUE) | F7: =D7*E7 | G7: =VLOOKUP(B7,Datos!$B$5:$E$15,3,TRUE) | H7: =F7+G7 | I7: =H7/B7
A8: D — Gerente | B8: 50000 | C8: =VLOOKUP(B8,Datos!$B$5:$E$15,1,TRUE) | D8: =B8-C8 | E8: =VLOOKUP(B8,Datos!$B$5:$E$15,4,TRUE) | F8: =D8*E8 | G8: =VLOOKUP(B8,Datos!$B$5:$E$15,3,TRUE) | H8: =F8+G8 | I8: =H8/B8
A9: E — Directivo | B9: 200000 | C9: =VLOOKUP(B9,Datos!$B$5:$E$15,1,TRUE) | D9: =B9-C9 | E9: =VLOOKUP(B9,Datos!$B$5:$E$15,4,TRUE) | F9: =D9*E9 | G9: =VLOOKUP(B9,Datos!$B$5:$E$15,3,TRUE) | H9: =F9+G9 | I9: =H9/B9
