Workbook

Sheet Instrucciones
A1: Ejercicio 2 — ¿RESICO o Actividad Empresarial?
A2: Comparativo anual para 5 clientes con distintos perfiles de deducciones
A4: OBJETIVO
A5: Decidir qué régimen le conviene a cada cliente calculando el ISR anual en los dos escenarios.
A7: PASOS
A8: 1. Hoja 'Datos': revisa la tarifa anual del Art. 152 LISR y las tasas anuales de RESICO (Art. 113-F).
A9: 2. Hoja 'Ejercicio': tienes 5 clientes con sus ingresos y gastos anuales (celdas amarillas = input).
A10: 3. Para cada cliente calcula:
A11: Columna D — Base 612 = Ingresos − Gastos
A12: Columna E — ISR 612 aplicando la tarifa anual (BUSCARV sobre Datos)
A13: Columna F — ISR RESICO = Ingresos × Tasa RESICO (BUSCARV)
A14: Columna G — Ahorro = ISR 612 − ISR RESICO (positivo = gana RESICO)
... A33: ¿A partir de qué % de gastos deja de convenir RESICO? ¿Cómo cambia la decisión si el cliente además es socio de una persona moral?

Sheet Datos
A1: Tarifa anual Art. 152 + Tasas RESICO anual
A3: Tarifa anual 2026 (Art. 152 LISR)
A4: # | B4: Límite inferior | C4: Límite superior | D4: Cuota fija | E4: % excedente
A5: 1 | B5: 0.01 | C5: 10134.92 | D5: 0 | E5: 0.0192
A6: 2 | B6: 10134.93 | C6: 85991.07 | D6: 194.59 | E6: 0.064
A7: 3 | B7: 85991.08 | C7: 151120.33 | D7: 5049.5 | E7: 0.1088
A8: 4 | B8: 151120.34 | C8: 175595.6 | D8: 12132.58 | E8: 0.16
A9: 5 | B9: 175595.61 | C9: 210281.4 | D9: 16008.6 | E9: 0.1792
A10: 6 | B10: 210281.41 | C10: 423595.89 | D10: 22224.52 | E10: 0.2136
A11: 7 | B11: 423595.9 | C11: 667687.06 | D11: 67811.43 | E11: 0.2352
A12: 8 | B12: 667687.07 | C12: 2009099 | D12: 125215.26 | E12: 0.3
A13: 9 | B13: 2009099 | C13: 2678798.7 | D13: 527638.82 | E13: 0.32
A14: 10 | B14: 2678798.7 | C14: 8036395.9 | D14: 741942.82 | E14: 0.34
A15: 11 | B15: 8036395.9 | C15: 1e+09 | D15: 2563435.9 | E15: 0.35
A17: Tasas RESICO anual (Art. 113-F LISR)
A18: # | B18: Límite inferior | C18: Límite superior | D18: Tasa
A19: 1 | B19: 0.01 | C19: 300000 | D19: 0.01
A20: 2 | B20: 300000.01 | C20: 600000 | D20: 0.011
A21: 3 | B21: 600000.01 | C21: 1000000 | D21: 0.015
A22: 4 | B22: 1000000 | C22: 2500000 | D22: 0.02
A23: 5 | B23: 2500000 | C23: 3500000 | D23: 0.025

Sheet Ejercicio
A1: 5 clientes — ¿RESICO o 612?
A4: Cliente | B4: Ingresos anuales (input) | C4: Gastos anuales (input) | D4: Base 612 | E4: ISR 612 | F4: ISR RESICO | G4: Ahorro (612 − RESICO) | H4: Recomendación
A5: Arquitecto freelance (home office) | B5: 1200000 | C5: 180000
A6: Dueño de taller mecánico | B6: 1200000 | C6: 720000
A7: Consultora independiente | B7: 800000 | C7: 100000
A8: Comerciante mayorista | B8: 4200000 | C8: 2800000
A9: Profesionista joven | B9: 350000 | C9: 50000
A12: Celdas amarillas = input. Celdas blancas = a calcular.

Sheet Solución
A1: Solución — fórmulas completas
A4: Cliente | B4: Ingresos anuales (input) | C4: Gastos anuales (input) | D4: Base 612 | E4: ISR 612 | F4: ISR RESICO | G4: Ahorro (612 − RESICO) | H4: Recomendación
A5: Arquitecto freelance (home office) | B5: 1200000 | C5: 180000 | D5: =B5-C5 | E5: =(D5-VLOOKUP(D5,Datos!$B$5:$E$15,1,TRUE))*VLOOKUP(D5,Datos!$B$5:$E$15,4,TRUE)+VLOOKUP(D5,Datos!$B$5:$E$15,3,TRUE) | F5: =IF(B5>3500000,"N/A",B5*VLOOKUP(B5,Datos!$B$19:$D$23,3,TRUE)) | G5: =IF(ISNUMBER(F5),E5-F5,"—") | H5: =IF(B5>3500000,"Solo 612 (supera límite RESICO)",IF(G5>0,"RESICO",IF(G5<0,"612","Empate")))
A6: Dueño de taller mecánico | B6: 1200000 | C6: 720000 | D6: =B6-C6 | E6: =(D6-VLOOKUP(D6,Datos!$B$5:$E$15,1,TRUE))*VLOOKUP(D6,Datos!$B$5:$E$15,4,TRUE)+VLOOKUP(D6,Datos!$B$5:$E$15,3,TRUE) | F6: =IF(B6>3500000,"N/A",B6*VLOOKUP(B6,Datos!$B$19:$D$23,3,TRUE)) | G6: =IF(ISNUMBER(F6),E6-F6,"—") | H6: =IF(B6>3500000,"Solo 612 (supera límite RESICO)",IF(G6>0,"RESICO",IF(G6<0,"612","Empate")))
A7: Consultora independiente | B7: 800000 | C7: 100000 | D7: =B7-C7 | E7: =(D7-VLOOKUP(D7,Datos!$B$5:$E$15,1,TRUE))*VLOOKUP(D7,Datos!$B$5:$E$15,4,TRUE)+VLOOKUP(D7,Datos!$B$5:$E$15,3,TRUE) | F7: =IF(B7>3500000,"N/A",B7*VLOOKUP(B7,Datos!$B$19:$D$23,3,TRUE)) | G7: =IF(ISNUMBER(F7),E7-F7,"—") | H7: =IF(B7>3500000,"Solo 612 (supera límite RESICO)",IF(G7>0,"RESICO",IF(G7<0,"612","Empate")))
A8: Comerciante mayorista | B8: 4200000 | C8: 2800000 | D8: =B8-C8 | E8: =(D8-VLOOKUP(D8,Datos!$B$5:$E$15,1,TRUE))*VLOOKUP(D8,Datos!$B$5:$E$15,4,TRUE)+VLOOKUP(D8,Datos!$B$5:$E$15,3,TRUE) | F8: =IF(B8>3500000,"N/A",B8*VLOOKUP(B8,Datos!$B$19:$D$23,3,TRUE)) | G8: =IF(ISNUMBER(F8),E8-F8,"—") | H8: =IF(B8>3500000,"Solo 612 (supera límite RESICO)",IF(G8>0,"RESICO",IF(G8<0,"612","Empate")))
A9: Profesionista joven | B9: 350000 | C9: 50000 | D9: =B9-C9 | E9: =(D9-VLOOKUP(D9,Datos!$B$5:$E$15,1,TRUE))*VLOOKUP(D9,Datos!$B$5:$E$15,4,TRUE)+VLOOKUP(D9,Datos!$B$5:$E$15,3,TRUE) | F9: =IF(B9>3500000,"N/A",B9*VLOOKUP(B9,Datos!$B$19:$D$23,3,TRUE)) | G9: =IF(ISNUMBER(F9),E9-F9,"—") | H9: =IF(B9>3500000,"Solo 612 (supera límite RESICO)",IF(G9>0,"RESICO",IF(G9<0,"612","Empate")))
